name,file
Cover (Red),00_cover_red_outline.png
Mailing/Return Log (Interior),00_interior_log.png
Title Page (Red),01_title_page_red.png
Statement of Purpose,02_purpose_ownership.png
Instructions,03_instructions.png
Passport,04_passport.png
Passport (Cont),05_passport_cont.png
Units of Measure,double_units_of_measure_1.png
Units of Measure (Cont),double_units_of_measure_2.png
Signs,single_signs_1.png
In The Air,single_in_the_air_1.png
Demographics,double_demographics_1.png
Demographics (Cont),double_demographics_2.png
Playlist,single_playlist_1.png
Bookshelf,single_bookshelf_1.png
Catalog of Patterns,double_patterns_1.png
Catalog of Patterns (Cont),double_patterns_2.png
Shared Space,double_shared_space_1.png
Shared Space (Cont),double_shared_space_2.png
Meeting Minutes,18_meeting_minutes.png
Meeting Minutes (Cont),19_meeting_minutes_cont.png
Times I Wish You Were Here,20_wish_you_here.png
Times I Wish You Were Here (Cont),21_wish_you_here_cont.png
Notes,22_notes_1.png
Notes (Cont),23_notes_2.png
Statement of Completion,24_completion.png
Maling Notes (Interior),25_interior_mailing.png
Cover (Back),26_cover_back.png